avg_return,success_rate,avg_length,loss,entropy
-170.78753662109375,0.0,87.40625,3.667393445968628,121.04710388183594
-176.74462890625,0.0,95.09375,4.017343997955322,131.3522186279297
-169.65260314941406,0.0,93.03125,3.800060510635376,128.15367126464844
-137.47933959960938,0.0,91.4375,3.886093854904175,125.70098876953125
-139.72406005859375,0.0,91.28125,3.87962007522583,124.93109893798828
-172.88633728027344,0.0,101.46875,4.281191349029541,138.6656036376953
-137.02151489257812,0.0,95.53125,4.026604652404785,130.27005004882812
-175.94078063964844,0.0,96.46875,3.939098358154297,130.73680114746094
-152.32998657226562,0.0,100.15625,4.083318710327148,135.4083251953125
-121.948486328125,0.0,96.59375,3.9671990871429443,130.4668426513672
-152.46783447265625,0.0,103.875,4.182017803192139,139.4263458251953
-142.96832275390625,0.0,100.5,4.1769490242004395,134.07192993164062
-136.1514129638672,0.0,107.03125,4.295325756072998,142.0762176513672
-149.66702270507812,0.0,101.09375,4.048762321472168,133.37979125976562
-154.97085571289062,0.0,105.125,4.237644672393799,138.81124877929688
-133.27151489257812,0.0,105.53125,4.230062484741211,138.85609436035156
-127.79126739501953,0.0,100.75,4.080328941345215,132.30938720703125
-129.04087829589844,0.0,102.25,4.080945014953613,133.9565887451172
-118.21500396728516,0.0,109.21875,4.373485088348389,142.80345153808594
-113.93016815185547,0.0,105.125,4.220272541046143,138.11962890625
-103.06446838378906,0.0,94.28125,3.8757987022399902,123.61465454101562
-131.59121704101562,0.0,106.5625,4.366200923919678,140.4031982421875
-122.44052124023438,0.0,101.875,4.119847297668457,133.2751922607422
-94.92218017578125,0.0,96.3125,3.9410994052886963,126.37454986572266
-120.22299194335938,0.0,98.0,4.041757106781006,129.29702758789062
-110.97357940673828,0.0,94.03125,3.8072803020477295,124.86018371582031
-107.3746337890625,0.0,98.78125,3.986701726913452,131.3183135986328
-79.92428588867188,0.0,112.34375,5.959482192993164,150.43348693847656
-107.16909790039062,0.0,93.65625,3.8727312088012695,125.60662841796875
-107.91644287109375,0.0,93.1875,3.7990801334381104,124.9021224975586
-96.0411376953125,0.0,90.65625,3.767331123352051,121.63530731201172
-111.93605041503906,0.0,89.4375,3.674927234649658,120.15304565429688
-103.80882263183594,0.0,99.125,4.133282661437988,133.59872436523438
-106.72714233398438,0.0,90.25,3.8475828170776367,121.46114349365234
-101.33517456054688,0.0,88.3125,3.6286869049072266,118.76911163330078
-128.28213500976562,0.0,89.03125,3.617415189743042,118.92001342773438
-106.79766845703125,0.0,91.03125,3.745013952255249,121.6805648803711
-110.64549255371094,0.0,90.375,3.698828935623169,120.88314819335938
-105.64190673828125,0.0,84.21875,3.395962953567505,112.90663146972656
-118.10060119628906,0.0,88.0625,3.642249822616577,118.10112762451172
-104.15910339355469,0.0,90.09375,3.837820291519165,121.06392669677734
-101.47715759277344,0.0,88.125,3.651663303375244,118.3662338256836
-94.90721893310547,0.0,86.84375,3.755481243133545,117.22933197021484
-106.70829772949219,0.0,92.28125,3.82855486869812,123.88407897949219
-105.9017333984375,0.0,87.3125,3.6466774940490723,117.81098937988281
-100.44258117675781,0.0,93.75,4.061553001403809,127.12911987304688
-101.34984588623047,0.0,89.65625,3.723397970199585,121.23680114746094
-107.405517578125,0.0,95.65625,4.047643184661865,128.79730224609375
-101.41999816894531,0.0,85.65625,3.5781924724578857,116.07046508789062
-105.57499694824219,0.0,89.1875,3.753917694091797,120.97962951660156
-97.39767456054688,0.0,83.65625,3.436096668243408,113.2426986694336
-104.94642639160156,0.0,89.59375,3.773653507232666,121.41812896728516
-99.90814208984375,0.0,92.34375,3.8783342838287354,125.5958023071289
-96.396728515625,0.0,92.96875,3.9949159622192383,126.29652404785156
-82.75743865966797,0.0,86.0625,3.685744524002075,117.31199645996094
-112.50102233886719,0.0,93.46875,3.895864725112915,127.10115051269531
-103.340087890625,0.0,88.28125,3.647263765335083,120.63844299316406
-97.04574584960938,0.0,84.96875,3.5696914196014404,115.63076782226562
-101.39505004882812,0.0,89.0625,3.752593994140625,121.57206726074219
-91.0723876953125,0.0,92.53125,4.001162528991699,125.61473083496094
-88.15640258789062,0.0,85.9375,3.63881778717041,117.61211395263672
-98.99910736083984,0.0,85.8125,3.5404412746429443,116.89332580566406
-93.57063293457031,0.0,85.625,3.6098227500915527,116.59201049804688
-91.91676330566406,0.0,94.3125,4.121341705322266,128.7277069091797
-102.69914245605469,0.0,93.53125,3.8672189712524414,126.70166015625
-105.08560180664062,0.0,95.125,4.010103225708008,129.00558471679688
-99.11688232421875,0.0,91.1875,3.819525718688965,123.29011535644531
-90.19962310791016,0.0,89.09375,3.685985565185547,120.86359405517578
-83.63882446289062,0.0,98.34375,4.1882219314575195,133.22628784179688
-87.98016357421875,0.0,102.28125,4.2787580490112305,137.46282958984375
-90.96197509765625,0.0,93.3125,3.779669761657715,125.79610443115234
-88.01840209960938,0.0,100.5,4.156095027923584,134.4491424560547
-89.37833404541016,0.0,95.90625,3.8591384887695312,128.41734313964844
-74.08747100830078,0.0,102.75,4.156630992889404,136.93028259277344
-81.71482849121094,0.0,105.15625,4.330896854400635,139.21275329589844
-70.59174346923828,0.0,109.71875,4.608036994934082,144.3661346435547
-71.62554931640625,0.0,118.25,4.904443740844727,153.94081115722656
-70.42491912841797,0.0,120.71875,4.74013090133667,155.10891723632812
-54.09343719482422,0.0,126.53125,5.033664703369141,160.89857482910156
-61.493141174316406,0.0,132.375,4.995851993560791,165.8502960205078
-73.2587890625,0.0,145.40625,5.636013507843018,179.11343383789062
-57.2556266784668,0.0,143.65625,5.3276214599609375,174.1655731201172
-83.84858703613281,0.0,155.0625,5.857974052429199,186.43421936035156
-53.580055236816406,0.0,178.09375,7.665434837341309,218.02027893066406
-48.89008712768555,0.0,162.1875,6.10386848449707,196.2750244140625
-51.933807373046875,0.0,152.8125,5.647324085235596,183.32449340820312
-71.6766128540039,0.0,188.78125,7.101642608642578,228.1042938232422
-43.57877731323242,0.0,164.5625,5.98581600189209,195.9230499267578
-40.34843063354492,0.0,173.4375,6.150589466094971,206.78131103515625
-38.49003982543945,0.0,184.0,6.561162948608398,221.93833923339844
-42.042205810546875,0.0,160.28125,5.787762641906738,190.69891357421875
-40.9742431640625,0.0,172.625,6.937691688537598,209.19033813476562
-49.95828628540039,0.0,148.53125,5.331340789794922,176.93356323242188
-48.76838302612305,0.0,151.0625,5.58660888671875,182.62509155273438
-38.18119430541992,0.0,154.8125,6.05492639541626,188.47006225585938
-40.32281494140625,0.0,137.875,5.070172309875488,167.0781707763672
-35.46479415893555,0.0,146.59375,5.9058380126953125,180.0106658935547
-37.589935302734375,0.0,132.4375,4.758410930633545,161.20603942871094
-39.835784912109375,0.0,140.6875,5.407339096069336,173.37965393066406
-35.611305236816406,0.0,139.0,5.352128028869629,171.83311462402344
-27.935436248779297,0.0,122.125,4.581839561462402,150.45509338378906
-49.23115539550781,0.0,117.4375,4.626389503479004,144.11532592773438
-40.159786224365234,0.0,119.5625,4.630395412445068,148.30648803710938
-30.365989685058594,0.0,129.375,4.921327590942383,161.6683349609375
-19.499963760375977,0.0,132.9375,5.044338703155518,167.04196166992188
-32.57978820800781,0.0,129.5,4.937674045562744,159.6831817626953
-32.08399963378906,0.0,134.90625,5.167017936706543,164.22557067871094
-25.222192764282227,0.0,138.8125,5.13376522064209,167.82220458984375
-22.973621368408203,0.0,158.5625,6.707353591918945,194.1096649169922
-19.588783264160156,0.0,146.8125,5.333332538604736,175.10972595214844
-14.430931091308594,0.0,157.28125,6.525801181793213,188.00010681152344
-9.3820161819458,0.0,165.53125,5.847620487213135,196.92929077148438
-13.147228240966797,0.0,165.75,6.302505016326904,194.37889099121094
-13.36634349822998,0.0,181.09375,7.0129075050354,213.7720947265625
2.005377769470215,0.0,196.90625,8.5260009765625,234.45616149902344
-6.686781883239746,0.0,188.71875,7.444466590881348,222.73158264160156
6.5584259033203125,0.0,193.625,7.517233371734619,226.80014038085938
-10.100116729736328,0.0,205.8125,7.305277347564697,240.7344512939453
1.482398509979248,0.0,204.34375,7.987326145172119,237.91111755371094
14.300827026367188,0.0,222.5625,8.09388542175293,260.3650817871094
-8.230951309204102,0.0,200.1875,7.848051071166992,230.46856689453125
1.3757634162902832,0.0,202.46875,8.084979057312012,233.48719787597656
-13.849320411682129,0.0,183.9375,7.058198928833008,208.7454071044922
0.12254118919372559,0.0,211.0,8.549653053283691,243.53167724609375
9.602058410644531,0.0,220.28125,9.8277006149292,256.72540283203125
3.224841356277466,0.0,213.65625,8.712679862976074,248.55740356445312
-1.7657933235168457,0.0,164.40625,5.419773101806641,185.34706115722656
-6.603646278381348,0.0,189.96875,6.704745769500732,217.4102020263672
14.353888511657715,0.0,250.46875,9.348864555358887,291.26953125
13.661436080932617,0.0,229.9375,8.827322006225586,260.39447021484375
10.360794067382812,0.0,212.34375,8.045133590698242,241.12197875976562
5.058708190917969,0.0,172.15625,5.937421798706055,194.23318481445312
30.447795867919922,0.0,208.125,8.001611709594727,238.21315002441406
4.266829490661621,0.0,185.46875,6.2475128173828125,209.70419311523438
12.347657203674316,0.0,185.0625,6.986927032470703,207.02545166015625
21.235164642333984,0.0,225.84375,8.598024368286133,248.98516845703125
-5.54990291595459,0.0,189.125,7.096434116363525,209.6221923828125
-5.114914894104004,0.0,173.53125,6.20386266708374,187.14019775390625
-20.489910125732422,0.0,173.15625,5.958053112030029,186.29693603515625
-17.640792846679688,0.0,231.28125,9.42186450958252,264.19598388671875
-11.060196876525879,0.0,220.0,8.86495304107666,246.82244873046875
-18.179536819458008,0.0,204.0,7.205292701721191,220.173095703125
0.46828746795654297,0.0,206.59375,8.551407814025879,231.32574462890625
-9.925166130065918,0.0,188.0,6.850774765014648,198.1471405029297
12.08424186706543,0.0,228.6875,8.885577201843262,250.8462371826172
-15.998889923095703,0.0,202.59375,7.844638824462891,218.51141357421875
15.348162651062012,0.0,217.78125,8.300024032592773,238.2778778076172
-16.987648010253906,0.0,205.34375,7.637044906616211,224.77760314941406
12.243532180786133,0.0,207.5,8.13673210144043,227.40965270996094
6.171899795532227,0.0,204.34375,7.8091559410095215,224.87872314453125
9.960954666137695,0.0,195.125,7.237242698669434,216.5416259765625
12.591634750366211,0.0,189.375,6.736493110656738,211.736328125
13.108725547790527,0.0,185.46875,7.437277317047119,205.8143310546875
9.878478050231934,0.0,144.4375,4.749429702758789,156.6382598876953
9.052570343017578,0.0,178.09375,6.186000823974609,193.80905151367188
16.49125099182129,0.0,168.71875,6.256823539733887,186.78982543945312
11.532991409301758,0.0,187.28125,6.87490177154541,207.79258728027344
13.603870391845703,0.0,192.28125,7.838068008422852,210.36656188964844
24.22287940979004,0.0,238.03125,8.661983489990234,253.43966674804688
20.901042938232422,0.0,224.75,9.041958808898926,244.91171264648438
27.49637222290039,0.0,262.75,10.390047073364258,285.29595947265625
16.186580657958984,0.0,232.6875,9.467672348022461,252.60130310058594
29.165081024169922,0.0,258.65625,9.451799392700195,276.3475646972656
30.875646591186523,0.0,319.125,11.590651512145996,342.6863098144531
27.06493377685547,0.0,313.28125,11.849617958068848,340.9989929199219
28.38028335571289,0.0,377.9375,13.445146560668945,410.5849914550781
31.954357147216797,0.0,344.03125,11.980908393859863,375.6278381347656
42.49287414550781,0.0,344.125,13.165416717529297,381.46240234375
44.0899772644043,0.0,362.5,13.612300872802734,395.5574645996094
59.53691864013672,0.0,392.25,14.364850044250488,425.40057373046875
37.11071014404297,0.0,331.5625,12.350357055664062,357.22088623046875
41.491607666015625,0.0,299.03125,11.05827522277832,318.20947265625
37.89765167236328,0.0,303.71875,12.040290832519531,323.9801025390625
34.916603088378906,0.0,292.15625,10.576364517211914,302.28656005859375
22.118507385253906,0.0,276.75,10.369210243225098,296.66400146484375
15.328752517700195,0.0,263.1875,10.193936347961426,282.38714599609375
31.650039672851562,0.0,281.25,10.50114917755127,294.41357421875
4.184986591339111,0.0,245.53125,9.654417991638184,255.0494384765625
25.740455627441406,0.0625,241.4375,8.5670747756958,251.53709411621094
8.734882354736328,0.0,218.75,8.1541748046875,221.59078979492188
11.594470977783203,0.0,204.1875,7.270862102508545,216.2293243408203
32.32923126220703,0.0,242.84375,9.421695709228516,252.99630737304688
17.11397361755371,0.0,187.0625,7.151021480560303,197.91847229003906
20.292675018310547,0.0,181.0,6.354131698608398,193.7532196044922
41.6978759765625,0.0,223.46875,9.31887149810791,236.2642822265625
49.3212890625,0.0,212.6875,9.48951244354248,224.8778076171875
25.00979232788086,0.0,148.9375,4.833957672119141,153.83840942382812
30.184120178222656,0.0,192.84375,7.462589263916016,202.0760040283203
42.13787841796875,0.0,212.71875,8.65744400024414,224.98526000976562
29.12520980834961,0.0,165.40625,5.235480308532715,169.30113220214844
43.525936126708984,0.0,215.34375,8.958832740783691,228.87594604492188
31.155601501464844,0.0,184.25,6.855194568634033,189.83749389648438
50.2855110168457,0.0,229.875,10.886772155761719,241.70751953125
43.48219299316406,0.0,200.03125,8.93943977355957,207.65296936035156
39.06433868408203,0.0,230.90625,9.499974250793457,249.1392364501953
39.78147888183594,0.0,227.03125,8.6807861328125,237.80474853515625
60.65526580810547,0.0,267.03125,10.440140724182129,272.9306640625
36.890625,0.0,225.03125,8.238903999328613,235.83724975585938
41.4779052734375,0.0,234.03125,9.669501304626465,239.99249267578125
52.27079391479492,0.0,267.0625,10.822465896606445,280.0315856933594
49.44837951660156,0.0,282.125,11.213611602783203,290.1943664550781
54.236724853515625,0.0,257.875,10.49431324005127,278.58978271484375
53.14727783203125,0.0,268.84375,10.793429374694824,288.18353271484375
67.27960205078125,0.0,288.9375,12.18198013305664,314.3113098144531
45.59844970703125,0.0,248.96875,9.874566078186035,271.4302978515625
33.13195037841797,0.0,231.90625,9.44143295288086,245.87098693847656
49.89915466308594,0.0,278.3125,11.856223106384277,298.0436096191406
24.038761138916016,0.0,243.375,9.823196411132812,258.22808837890625
30.49251937866211,0.0,254.03125,9.42805004119873,270.3712158203125
42.80302047729492,0.03125,234.71875,9.213303565979004,249.91744995117188
39.259986877441406,0.0,254.0625,9.994502067565918,276.4265441894531
59.20253372192383,0.0,305.78125,11.589099884033203,336.64935302734375
37.93034362792969,0.0,224.125,8.805092811584473,233.15150451660156
46.13563919067383,0.0,259.84375,11.005290031433105,280.71673583984375
57.693504333496094,0.0,279.625,10.95165729522705,299.0395202636719
49.88983917236328,0.0,290.65625,11.57043170928955,316.8962097167969
51.10691833496094,0.0,288.875,10.669264793395996,308.967041015625
55.29685974121094,0.0,296.65625,10.220754623413086,312.2182922363281
75.57456970214844,0.0,338.5,13.208008766174316,371.25592041015625
62.41246032714844,0.0,319.34375,12.11015796661377,344.8626708984375
73.47175598144531,0.0,350.625,13.465771675109863,379.42218017578125
77.87015533447266,0.0,365.59375,13.506609916687012,393.7125244140625
96.88890075683594,0.0,377.21875,14.282867431640625,402.1759033203125
87.54840087890625,0.0,394.375,14.101645469665527,425.9544372558594
83.27561950683594,0.03125,372.875,14.183850288391113,397.67144775390625
74.68516540527344,0.0,340.21875,12.20055103302002,358.3361511230469
92.0865478515625,0.0,385.53125,14.606598854064941,424.22918701171875
99.61843872070312,0.0,434.1875,15.84937858581543,482.7638854980469
91.70252990722656,0.0,399.625,14.801715850830078,439.8827209472656
85.86732482910156,0.0,397.09375,14.349739074707031,433.9558410644531
64.79838562011719,0.0,344.53125,12.172264099121094,372.9990234375
82.02628326416016,0.0,391.6875,15.058903694152832,429.1575927734375
87.5755615234375,0.0,400.96875,14.90965461730957,441.5150451660156
82.14383697509766,0.0,378.71875,13.555746078491211,413.5361328125
87.81614685058594,0.0,405.375,13.700357437133789,438.1922302246094
103.96136474609375,0.0,432.28125,16.326276779174805,487.6003723144531
84.32038116455078,0.0,378.4375,14.542898178100586,418.25408935546875
93.0417709350586,0.0,398.15625,14.653850555419922,448.7595520019531
76.74713134765625,0.0,367.03125,14.637161254882812,414.80853271484375
79.42369079589844,0.0,338.15625,14.02692699432373,375.0030212402344
79.2738037109375,0.0,356.78125,13.730201721191406,399.5389404296875
101.77397155761719,0.0,383.1875,14.640317916870117,426.5406188964844
86.1266860961914,0.0,357.375,14.569145202636719,396.195556640625
90.4844970703125,0.0,367.4375,15.155720710754395,406.12554931640625
88.25009155273438,0.0,409.46875,15.648968696594238,451.5324401855469
84.39952850341797,0.0,417.0,16.03270149230957,462.3380126953125
74.01161193847656,0.0,357.15625,13.122675895690918,382.101806640625
55.950050354003906,0.0,340.21875,12.768184661865234,353.724853515625
48.416316986083984,0.0,319.875,12.122459411621094,334.7257080078125
48.85441589355469,0.0,288.0625,11.872818946838379,296.5369873046875
45.941162109375,0.0,288.40625,11.49971866607666,303.8437805175781
49.61484146118164,0.0,302.53125,11.602291107177734,308.5619201660156
21.288867950439453,0.0,234.40625,9.48457145690918,240.23353576660156
30.345149993896484,0.0,264.78125,10.246899604797363,274.2106018066406
7.049307823181152,0.0,184.90625,7.532433986663818,194.12094116210938
33.638763427734375,0.0,207.96875,9.326214790344238,213.2171173095703
30.009859085083008,0.03125,163.75,6.200354099273682,166.73875427246094
34.399261474609375,0.0,192.40625,8.428413391113281,199.4877471923828
28.930400848388672,0.0,152.125,7.074498176574707,155.25062561035156
34.38827896118164,0.0,168.8125,7.166887283325195,176.30596923828125
14.607224464416504,0.0,125.96875,5.056755065917969,126.14494323730469
23.29456901550293,0.0,138.375,5.6940813064575195,140.72909545898438
21.049318313598633,0.0,137.875,4.9927520751953125,142.91958618164062
32.70896911621094,0.0,162.75,6.557275295257568,167.9689178466797
16.583580017089844,0.0,137.03125,5.2023773193359375,141.18179321289062
24.199230194091797,0.0625,127.21875,4.225740432739258,126.88859558105469
25.033308029174805,0.0,177.65625,7.626233100891113,184.74159240722656
47.70094299316406,0.0,202.46875,9.864402770996094,209.14236450195312
34.229225158691406,0.0,182.5625,7.17219877243042,189.78387451171875
45.5344352722168,0.03125,190.21875,9.316637992858887,187.82891845703125
59.164947509765625,0.0,281.34375,11.541521072387695,287.4742736816406
40.25904846191406,0.0,201.28125,8.07618236541748,202.1256103515625
61.42362976074219,0.0625,287.03125,10.763670921325684,295.088623046875
40.488243103027344,0.0,274.71875,11.75836181640625,280.6159973144531
72.92325592041016,0.0,374.375,13.203017234802246,383.4307861328125
66.54313659667969,0.0,392.125,14.242056846618652,393.1768798828125
58.85480880737305,0.0,387.03125,14.07396411895752,392.6038818359375
64.63108825683594,0.0,406.3125,14.071538925170898,408.4271240234375
21.17009162902832,0.0,323.46875,11.620818138122559,334.85076904296875
63.138668060302734,0.0,377.9375,12.208952903747559,371.87921142578125
56.025184631347656,0.0,341.40625,12.645017623901367,353.1953430175781
78.62017059326172,0.03125,350.65625,13.113539695739746,364.04620361328125
73.45704650878906,0.0,377.125,13.55771541595459,404.5220947265625
84.8115463256836,0.0,364.46875,13.680314064025879,385.2566833496094
53.738990783691406,0.0,284.75,12.574474334716797,305.2192687988281
79.53777313232422,0.0,349.21875,13.544683456420898,382.8807373046875
82.14498901367188,0.0,314.6875,13.657454490661621,353.1880187988281
83.22623443603516,0.0,334.40625,15.024222373962402,376.1961364746094
53.94972229003906,0.0,249.875,10.280139923095703,271.1025085449219
58.03767395019531,0.0,269.0625,10.982362747192383,294.66650390625
74.72943878173828,0.0,305.46875,12.974705696105957,344.3692321777344
82.67893981933594,0.0,294.3125,13.479002952575684,334.51251220703125
59.023372650146484,0.0,224.125,9.890298843383789,244.97134399414062
54.20283508300781,0.0,219.125,9.400996208190918,243.9895782470703
53.612213134765625,0.0,229.90625,11.34730052947998,255.8320770263672
56.55576705932617,0.0,220.75,10.37704849243164,242.813720703125
52.399723052978516,0.03125,212.8125,9.520669937133789,226.2818145751953
72.24352264404297,0.0,274.71875,13.496575355529785,308.5074768066406
69.75443267822266,0.0,322.3125,13.91229248046875,363.4202880859375
78.86373901367188,0.0,310.53125,15.14008903503418,354.8685302734375
73.68660736083984,0.0,306.6875,14.09174633026123,347.993896484375
65.72775268554688,0.0,340.34375,13.990334510803223,381.53564453125
86.70814514160156,0.0,392.21875,16.404922485351562,454.3319396972656
63.319454193115234,0.0,352.15625,14.655181884765625,399.29248046875
64.09815216064453,0.0,400.34375,16.281463623046875,459.3778381347656
77.992919921875,0.0,404.65625,15.581746101379395,469.2420959472656
77.10137939453125,0.0,438.5625,16.99440574645996,501.2151184082031
77.65426635742188,0.0,464.03125,16.579307556152344,529.54833984375
72.08552551269531,0.0,447.71875,17.33370018005371,508.79351806640625
81.80516815185547,0.0,433.59375,16.57484245300293,493.41619873046875
76.77655792236328,0.0,455.59375,17.33165740966797,526.8530883789062
81.83531188964844,0.0,400.90625,16.62753677368164,453.7889099121094
75.30625915527344,0.0,342.6875,15.538467407226562,389.8653564453125
71.36431884765625,0.0,365.15625,17.34989356994629,426.957763671875
69.55169677734375,0.0,295.03125,13.359779357910156,341.3648376464844
69.1098861694336,0.0,305.09375,13.478347778320312,354.66790771484375
60.42826461791992,0.0,285.21875,13.896448135375977,320.17498779296875
65.42575073242188,0.0,283.34375,13.558250427246094,328.0721130371094
58.6990852355957,0.0,286.4375,13.021509170532227,331.94903564453125
46.04020309448242,0.0,265.21875,11.69101333618164,303.2890930175781
51.446285247802734,0.0,266.6875,13.062067031860352,302.537109375
61.15998458862305,0.0,293.5,13.309635162353516,344.3854064941406
36.47178649902344,0.0,226.84375,10.90915298461914,253.62521362304688
45.25627899169922,0.0,277.75,14.282599449157715,319.2962341308594
33.34590148925781,0.0,256.8125,13.031859397888184,286.464111328125
47.829315185546875,0.0,243.125,11.409391403198242,277.1798095703125
43.323028564453125,0.0,230.875,11.210975646972656,259.5971984863281
47.59020233154297,0.0,229.03125,11.327756881713867,258.9618835449219
54.53478240966797,0.0,262.78125,12.885529518127441,299.7528076171875
43.68754196166992,0.0,216.5625,10.509305000305176,242.28248596191406
48.619384765625,0.0,252.21875,11.452821731567383,286.9634094238281
24.054662704467773,0.0,178.53125,8.933692932128906,193.52467346191406
24.304044723510742,0.0,190.65625,8.385565757751465,205.34844970703125
27.92964744567871,0.0,165.75,8.128951072692871,179.3649444580078
27.71881103515625,0.0,162.5,6.874935626983643,174.76174926757812
13.365729331970215,0.0,139.375,5.632977485656738,147.0797119140625
26.2215576171875,0.0,138.78125,5.751145839691162,145.76986694335938
30.002994537353516,0.0,146.59375,6.3048200607299805,152.99411010742188
18.4791259765625,0.0,134.0,5.35462760925293,136.82579040527344
16.19015121459961,0.0,135.90625,5.393515110015869,141.6438446044922
17.804479598999023,0.0,163.34375,6.4687628746032715,170.7159423828125
15.84858512878418,0.0,129.03125,4.661100387573242,134.29661560058594
15.841588973999023,0.0,109.0625,3.553334951400757,112.2557601928711
27.453330993652344,0.0,169.5625,8.319756507873535,180.936767578125
14.353668212890625,0.0,142.53125,5.389834880828857,149.2816925048828
16.21979522705078,0.0,132.4375,5.614319324493408,137.30795288085938
19.919231414794922,0.0,119.59375,4.520031452178955,121.790771484375
20.2803955078125,0.0,121.65625,4.726902484893799,126.38751220703125
22.229511260986328,0.0,124.84375,4.683706760406494,128.9397735595703
21.34006690979004,0.0,123.75,5.018712997436523,128.58836364746094
32.11061477661133,0.0,148.96875,6.605512619018555,157.23423767089844
14.42239761352539,0.0,113.75,3.663092851638794,118.16561889648438
39.345645904541016,0.0,184.625,9.350837707519531,195.28652954101562
24.745311737060547,0.0,149.8125,5.826170921325684,150.9897003173828
11.11798095703125,0.0,113.0,3.5252554416656494,111.16826629638672
41.79938507080078,0.0,189.59375,9.237088203430176,199.74635314941406
20.819568634033203,0.0,144.71875,5.683355808258057,151.029541015625
36.569671630859375,0.0,182.0,7.975262641906738,189.91140747070312
38.19448471069336,0.0,189.21875,9.538235664367676,197.57855224609375
35.840911865234375,0.0,192.40625,8.972758293151855,200.2958526611328
20.29383659362793,0.0,159.34375,7.002878189086914,162.27003479003906
27.646217346191406,0.0,184.75,8.68096923828125,196.28378295898438
36.67597579956055,0.0,197.46875,8.35673713684082,204.38194274902344
29.796449661254883,0.0,197.25,8.91744327545166,206.06768798828125
48.16856002807617,0.03125,246.5,10.988055229187012,261.08026123046875
60.83161163330078,0.0,279.375,13.26197338104248,299.3104553222656
38.068458557128906,0.0,225.8125,10.44852066040039,237.2595977783203
47.22623825073242,0.0,249.03125,11.62450885772705,266.3594055175781
73.28406524658203,0.0,342.5625,14.763250350952148,386.5406494140625
68.27198791503906,0.0,304.59375,13.31733226776123,338.816650390625
68.17755126953125,0.0,320.5625,14.816041946411133,361.9128112792969
65.78399658203125,0.0,329.71875,14.416582107543945,374.3003845214844
58.94861602783203,0.0,324.75,12.483813285827637,361.89154052734375
79.65570068359375,0.0,384.28125,16.222454071044922,443.8133239746094
85.3529281616211,0.0,403.21875,16.502750396728516,470.58197021484375
67.17884826660156,0.0,343.28125,14.533815383911133,392.4742126464844
76.19059753417969,0.0,365.53125,16.092288970947266,419.44708251953125
66.87667846679688,0.0,373.6875,15.832365989685059,427.74957275390625
72.18699645996094,0.0,397.59375,16.215280532836914,457.6380615234375
70.09759521484375,0.0,399.625,16.213529586791992,461.45672607421875
56.567710876464844,0.0,389.875,16.4257869720459,441.14697265625
48.28877258300781,0.0,351.6875,14.254958152770996,391.7124938964844
48.647850036621094,0.0,387.71875,14.3482666015625,430.37591552734375
78.75011444091797,0.0,407.5,16.304819107055664,470.0437316894531
57.03717803955078,0.0,348.71875,13.978158950805664,389.228759765625
71.49055480957031,0.0,386.625,15.345398902893066,439.7320861816406
57.68855667114258,0.0,356.84375,15.739002227783203,403.3717346191406
50.54505920410156,0.0,339.6875,14.775428771972656,382.8684387207031
49.19850540161133,0.0,338.59375,14.68558406829834,381.0522155761719
55.628170013427734,0.0,355.9375,14.624302864074707,394.79620361328125
53.95500564575195,0.0,333.75,15.605416297912598,380.24090576171875
55.86573791503906,0.0,265.28125,12.771431922912598,301.03857421875
42.07220458984375,0.0,234.40625,11.058761596679688,266.2284851074219
46.88975524902344,0.0,283.5625,13.496467590332031,330.0238342285156
34.340484619140625,0.0,177.21875,7.981613636016846,196.84066772460938
53.96596145629883,0.0,258.4375,12.711963653564453,293.6729431152344
48.46323776245117,0.0,274.96875,13.07439136505127,312.9499816894531
47.896018981933594,0.0,261.5625,12.354887008666992,294.2182312011719
32.30897903442383,0.0,254.5,10.857560157775879,284.56976318359375
49.23466491699219,0.0,302.90625,13.417046546936035,345.4347839355469
54.49422836303711,0.0,300.0,13.312163352966309,339.1328430175781
65.84807586669922,0.0,345.25,15.292824745178223,392.5691833496094
48.786216735839844,0.0,318.625,13.969706535339355,351.0243835449219
47.08551025390625,0.0,331.34375,13.572931289672852,370.5530090332031
67.08396911621094,0.0,399.21875,15.851750373840332,453.9613342285156
75.64509582519531,0.0,386.1875,16.06414222717285,434.5667724609375
65.95086669921875,0.0,384.71875,16.2117919921875,432.8749694824219
56.388450622558594,0.0,373.65625,14.787492752075195,411.0496520996094
74.17233276367188,0.0,422.1875,16.061105728149414,471.1305236816406
70.26728057861328,0.0,420.46875,15.853020668029785,469.9349670410156
73.5640869140625,0.0,454.96875,17.23281478881836,516.9667358398438
61.21653747558594,0.0,416.6875,15.946761131286621,458.9108581542969
57.19663619995117,0.0,400.4375,15.918659210205078,440.0385437011719
60.475502014160156,0.0,393.15625,15.202398300170898,431.710205078125
73.35406494140625,0.0,402.03125,15.94617748260498,446.7171936035156
65.9619140625,0.0,363.78125,15.25076675415039,407.83917236328125
70.64988708496094,0.0,436.125,16.58805274963379,492.697998046875
59.4920539855957,0.0,374.40625,14.931571960449219,416.14373779296875
67.39376831054688,0.0,400.15625,15.650858879089355,449.46649169921875
74.57902526855469,0.0,388.8125,15.550190925598145,431.1017761230469
61.92913818359375,0.0,394.75,15.934074401855469,435.2450256347656
75.11905670166016,0.0,463.40625,16.860305786132812,520.1441650390625
70.73542022705078,0.0,431.5,16.469749450683594,478.06927490234375
51.079471588134766,0.0,402.3125,15.510886192321777,443.5892333984375
73.21595001220703,0.0,396.8125,15.324263572692871,445.3587646484375
68.49871826171875,0.0,410.78125,16.344017028808594,462.6158752441406
75.68950653076172,0.0,451.90625,17.08723258972168,513.0697631835938
62.79664993286133,0.0,372.96875,15.263912200927734,415.4776306152344
62.56999969482422,0.0,364.75,14.90488338470459,407.66058349609375
64.24234771728516,0.0,342.71875,13.80612850189209,383.498291015625
63.67429733276367,0.0,346.1875,14.844254493713379,390.50933837890625
69.00318908691406,0.0,359.25,14.843091011047363,413.1082763671875
61.05720520019531,0.0,318.90625,15.420342445373535,363.6210632324219
44.32450866699219,0.0,270.4375,13.82283878326416,306.79766845703125
46.6514892578125,0.0,242.0,12.453140258789062,273.7119140625
40.16145706176758,0.0,217.375,10.895378112792969,243.5601348876953
38.97984313964844,0.0,204.75,10.699941635131836,231.76316833496094
48.13334274291992,0.0,197.125,9.47189712524414,219.7924346923828
32.24885559082031,0.0,172.0625,7.477489471435547,187.6221923828125
43.37217712402344,0.0,204.125,10.169157028198242,227.35968017578125
27.491979598999023,0.0,186.4375,8.343796730041504,205.45510864257812
45.2467041015625,0.0,252.8125,12.562966346740723,291.3402099609375
49.33543014526367,0.0,227.75,11.890010833740234,257.1844177246094
56.73633575439453,0.0,249.75,12.417497634887695,287.4813232421875
46.50218963623047,0.0,232.78125,11.33582592010498,269.7402038574219
52.46415328979492,0.0,253.6875,11.95108699798584,292.0359191894531
32.43091583251953,0.0,170.5,7.924671649932861,188.1605224609375
58.90121078491211,0.0,244.75,11.79532241821289,285.19378662109375
39.8697509765625,0.0,215.5625,10.733049392700195,242.61851501464844
48.272315979003906,0.0,203.6875,9.543798446655273,227.36399841308594
47.506221771240234,0.0,261.46875,12.2825345993042,303.3249816894531
54.904991149902344,0.0,251.6875,12.03746509552002,291.07525634765625
48.286048889160156,0.0,254.09375,11.834468841552734,294.67303466796875
64.77980041503906,0.0,267.0,13.556466102600098,308.0625915527344
40.03647994995117,0.0,238.4375,11.727604866027832,269.4150695800781
51.57874298095703,0.0,282.28125,13.324872016906738,320.82147216796875
76.9051742553711,0.0,374.875,16.307937622070312,445.48248291015625
60.12494659423828,0.0,306.53125,14.472119331359863,358.9463195800781
54.15317916870117,0.0,292.3125,13.999855995178223,334.3818359375
62.86336898803711,0.0,352.1875,15.146541595458984,408.7401428222656
74.44538879394531,0.0,362.9375,15.112223625183105,420.01605224609375
59.290340423583984,0.0,420.59375,17.090078353881836,488.38189697265625
69.04049682617188,0.0,370.84375,15.986838340759277,424.0718994140625
89.47979736328125,0.0,421.8125,17.03571319580078,492.0731201171875
70.32792663574219,0.0,431.90625,16.54953384399414,496.6755065917969
67.46847534179688,0.0,419.84375,16.454832077026367,484.3720703125
71.95333862304688,0.0,462.71875,16.892086029052734,522.7989501953125
91.46261596679688,0.0,455.28125,16.50568389892578,515.08544921875
78.89155578613281,0.0,473.8125,17.177961349487305,536.9376220703125
63.165897369384766,0.0,470.15625,17.10370635986328,521.2017211914062
90.08261108398438,0.0,462.3125,17.159954071044922,526.7238159179688
68.54972839355469,0.0,430.59375,16.581892013549805,485.2225341796875
83.20582580566406,0.0,460.28125,17.13577651977539,521.6351318359375
79.8438720703125,0.0,450.40625,16.531042098999023,511.5811462402344
70.40621948242188,0.0,470.875,16.866180419921875,531.9100341796875
80.07077026367188,0.0,465.71875,17.42593002319336,533.371337890625
65.77252960205078,0.0,466.875,17.11141014099121,532.3661499023438
69.38458251953125,0.0,440.4375,17.06285285949707,499.9129638671875
79.8529281616211,0.0,469.96875,17.32419776916504,529.3170776367188
82.35765075683594,0.0,435.5,16.608409881591797,491.0709533691406
48.180625915527344,0.0,397.875,16.22308349609375,450.98150634765625
80.46686553955078,0.0,441.40625,16.856557846069336,502.4677429199219
34.742462158203125,0.0,408.28125,15.12979507446289,453.9632568359375
64.94644927978516,0.0,431.0625,16.135820388793945,490.5289001464844
54.79328918457031,0.0,397.96875,16.570892333984375,450.1441955566406
67.63139343261719,0.0,456.65625,17.018674850463867,513.5584106445312
61.35928726196289,0.0,391.53125,14.769964218139648,429.50823974609375
31.890304565429688,0.0,395.5,15.199382781982422,439.973388671875
36.270118713378906,0.0,420.1875,15.666242599487305,465.7425537109375
49.45582580566406,0.0,424.9375,15.680700302124023,465.8912353515625
25.102985382080078,0.0,376.28125,14.624662399291992,419.3001708984375
18.931106567382812,0.0,323.5625,12.90149974822998,350.8965148925781
66.88798522949219,0.0,401.5625,15.276616096496582,445.1733093261719
30.442344665527344,0.0,357.15625,13.825788497924805,397.9619140625
50.26559066772461,0.0,384.5625,16.158370971679688,441.01373291015625
47.23341369628906,0.0,291.3125,12.224214553833008,330.21917724609375
53.02622985839844,0.0,311.15625,12.515746116638184,343.4461364746094
82.66868591308594,0.0,373.375,14.268486022949219,417.35650634765625
30.93258285522461,0.0,297.875,11.928983688354492,329.30230712890625
40.71440124511719,0.0,270.84375,11.720303535461426,290.51361083984375
64.94131469726562,0.0,287.59375,12.165423393249512,315.384765625
49.89898681640625,0.0,227.25,9.500129699707031,244.0074005126953
60.69452667236328,0.0,248.0,10.277613639831543,266.466064453125
47.4255256652832,0.0,283.5625,11.598416328430176,308.542236328125
65.54965209960938,0.0,335.15625,12.964747428894043,367.559326171875
87.6262435913086,0.03125,344.71875,12.968403816223145,372.5631103515625
72.1971664428711,0.0,318.96875,12.568289756774902,343.9005126953125
40.844085693359375,0.0,292.15625,11.652708053588867,324.78997802734375
62.52233123779297,0.0,331.53125,13.89989185333252,370.3240051269531
56.59162521362305,0.0,249.8125,11.112868309020996,270.20458984375
61.02513122558594,0.0,308.71875,13.544930458068848,344.49078369140625
33.18900680541992,0.0,247.8125,9.686064720153809,271.4851379394531
43.02375411987305,0.0,299.8125,13.790149688720703,332.25286865234375
68.17481994628906,0.0,315.15625,13.216246604919434,347.749267578125
82.57410430908203,0.0,351.0,15.541481018066406,394.21533203125
60.95701217651367,0.0,258.375,11.117528915405273,282.2950439453125
54.70349884033203,0.0,247.09375,10.202289581298828,269.6033935546875
59.04220199584961,0.0,256.4375,11.712711334228516,282.90521240234375
69.73206329345703,0.0,311.78125,12.704174041748047,337.5737609863281
57.83370590209961,0.0,300.09375,12.14743423461914,339.1454772949219
44.72636413574219,0.0,276.8125,11.994503021240234,302.26861572265625
68.59649658203125,0.0,293.125,12.737771034240723,327.39752197265625
49.92843246459961,0.0,257.09375,11.059222221374512,271.133544921875
67.67010498046875,0.0,258.625,12.532491683959961,283.73150634765625
72.29586791992188,0.0,304.46875,11.948129653930664,328.4914855957031
42.6854362487793,0.0,278.3125,12.082979202270508,302.3556213378906
78.49908447265625,0.0,316.3125,12.950190544128418,336.3251953125
42.137245178222656,0.0,251.71875,9.354944229125977,267.8229064941406
50.70357131958008,0.0,239.1875,9.934746742248535,257.18060302734375
53.6859130859375,0.0,272.09375,11.832793235778809,290.6524963378906
93.98941802978516,0.03125,360.71875,13.911409378051758,389.4609069824219
61.336265563964844,0.0,320.875,13.246927261352539,342.69720458984375
61.324310302734375,0.0,347.46875,14.13270092010498,368.7698974609375
28.229589462280273,0.0,298.78125,12.522648811340332,322.0410461425781
65.27565002441406,0.0,368.65625,13.958934783935547,391.5175476074219
37.826175689697266,0.0,291.5,11.421667098999023,302.46771240234375
71.3909912109375,0.0,351.5625,12.630743980407715,365.8509216308594
58.82262420654297,0.0,318.34375,12.097715377807617,334.3779296875
68.17818450927734,0.03125,372.5625,13.548766136169434,387.4888916015625
94.8923568725586,0.03125,411.0,14.656388282775879,431.36004638671875
59.73225784301758,0.0,306.46875,11.772595405578613,317.3719177246094
42.933048248291016,0.0,339.90625,12.466446876525879,350.11273193359375
68.94525146484375,0.03125,379.3125,13.586420059204102,394.08575439453125
57.17318344116211,0.0,312.71875,12.945079803466797,328.6988525390625
65.28489685058594,0.0,339.1875,12.81354808807373,343.2362976074219
86.06002044677734,0.03125,360.6875,14.754972457885742,397.3618469238281
69.34555053710938,0.0,317.3125,12.701685905456543,332.1221923828125
68.52076721191406,0.0,305.125,12.476712226867676,334.59136962890625
65.03453063964844,0.0,315.53125,12.229936599731445,343.7844543457031
71.08612060546875,0.0,333.75,13.068770408630371,364.88720703125
59.12074279785156,0.0,278.71875,12.854762077331543,307.1636047363281
43.79631042480469,0.0,277.9375,11.757658958435059,306.74224853515625
52.07334899902344,0.0,318.46875,13.35837459564209,357.1194152832031
65.86884307861328,0.0,304.1875,14.653131484985352,353.16937255859375
65.75405883789062,0.0,341.34375,13.98826789855957,390.98895263671875
44.36338806152344,0.0,309.0625,13.346914291381836,358.2890625
45.46548080444336,0.0,338.9375,13.7586030960083,386.6669616699219
59.852256774902344,0.0,337.75,14.575937271118164,397.0064697265625
55.370216369628906,0.0,315.15625,13.771117210388184,371.4898986816406
58.6136589050293,0.0,360.09375,15.794339179992676,424.62847900390625
73.90803527832031,0.0,345.625,14.319387435913086,405.5229187011719
45.176063537597656,0.0,366.28125,15.164140701293945,428.25714111328125
50.40595245361328,0.0,369.46875,14.943984985351562,431.5404357910156
13.553089141845703,0.0,356.6875,14.69523811340332,408.9288024902344
29.874309539794922,0.0,305.375,13.002737998962402,345.7033996582031
40.1656608581543,0.0,361.59375,14.620854377746582,424.4935302734375
57.444908142089844,0.0,354.125,14.693342208862305,406.65362548828125
68.49121856689453,0.0,344.90625,14.064716339111328,403.14312744140625
31.77048110961914,0.0,278.28125,11.515754699707031,316.47430419921875
71.4935531616211,0.0,354.46875,15.882207870483398,413.7686767578125
97.42214965820312,0.0,394.71875,16.59521484375,478.68780517578125
56.363460540771484,0.0,310.65625,13.783665657043457,359.70416259765625
45.01625061035156,0.0,288.46875,11.901762962341309,333.3791809082031
59.486839294433594,0.0,331.65625,14.115309715270996,390.8457946777344
55.638633728027344,0.0,287.15625,12.565672874450684,329.1258850097656
57.80316162109375,0.0,314.875,12.437222480773926,363.4163818359375
70.98466491699219,0.0,307.46875,14.624541282653809,357.88751220703125
62.422630310058594,0.0,327.375,14.643208503723145,378.020263671875
53.03767395019531,0.0,248.84375,11.240910530090332,284.3786926269531
67.83888244628906,0.0,352.53125,14.969792366027832,412.98876953125
44.48548889160156,0.0,257.8125,11.313937187194824,295.4088439941406
66.01019287109375,0.0,299.9375,14.870654106140137,350.27996826171875
61.41868591308594,0.0,318.5,14.245518684387207,371.5735778808594
70.55895233154297,0.0,328.8125,13.411320686340332,384.11370849609375
76.2633285522461,0.0,316.0625,14.715204238891602,357.91510009765625
55.579071044921875,0.0,310.8125,14.060127258300781,359.9538879394531
66.53154754638672,0.0,298.625,14.258760452270508,339.79998779296875
52.501827239990234,0.0,250.46875,11.570683479309082,280.3368225097656
68.5377426147461,0.0,283.40625,12.900066375732422,321.05438232421875
52.267398834228516,0.0,301.625,12.48851203918457,338.21075439453125
60.38749694824219,0.0,270.5625,11.929308891296387,305.0201416015625
59.230281829833984,0.0,255.15625,11.873948097229004,284.8032531738281
58.55112075805664,0.0,240.9375,11.451620101928711,264.84368896484375
69.9457015991211,0.0,296.15625,14.35395622253418,338.3144836425781
67.2542953491211,0.0,292.34375,12.627164840698242,332.2149353027344
57.69122314453125,0.0,264.96875,12.428227424621582,304.4655456542969
60.59925842285156,0.0,288.71875,12.421366691589355,331.9134826660156
94.20626831054688,0.0,376.6875,16.19777488708496,445.08026123046875
57.81087112426758,0.0,293.9375,12.74286937713623,332.9399108886719
62.66121292114258,0.0,340.09375,14.957344055175781,396.5240478515625
76.2745590209961,0.0,321.625,14.121468544006348,380.9199523925781
76.39473724365234,0.0,342.71875,15.043540000915527,402.5979309082031
71.22000885009766,0.0,342.875,15.392690658569336,406.65411376953125
70.90695190429688,0.0,350.21875,15.487910270690918,419.8619384765625
56.33186340332031,0.0,393.6875,17.184293746948242,466.605224609375
58.4393310546875,0.0,344.71875,14.497653007507324,397.9765930175781
71.85369873046875,0.0,394.46875,16.845808029174805,467.6502380371094
65.47114562988281,0.0,387.25,15.60502815246582,457.87432861328125
69.73922729492188,0.0,397.6875,16.33099365234375,462.5469970703125
43.722293853759766,0.0,379.96875,15.13350772857666,430.74859619140625
58.34634780883789,0.0,393.0625,15.56302261352539,453.2400817871094
43.00055694580078,0.0,407.90625,16.1946964263916,466.0467224121094
40.489532470703125,0.0,429.4375,15.812719345092773,478.52032470703125
48.93587112426758,0.0,454.75,17.03691291809082,518.5875854492188
44.10785675048828,0.0,440.21875,16.230440139770508,493.03192138671875
53.57994079589844,0.0,442.3125,16.798398971557617,491.2908630371094
64.8558120727539,0.0,469.53125,17.145748138427734,529.4183349609375
49.9864387512207,0.0,439.125,16.3602352142334,493.1622314453125
48.826499938964844,0.0,431.1875,16.906896591186523,489.229736328125
35.778690338134766,0.0,426.34375,15.926833152770996,477.547119140625
44.1552619934082,0.0,401.5,15.871969223022461,449.0842590332031
32.10498809814453,0.0,395.1875,15.002034187316895,440.8095703125
25.409130096435547,0.0,415.03125,15.749058723449707,459.8385314941406
32.50571060180664,0.0,406.875,15.797567367553711,454.4019470214844
37.83409881591797,0.0,424.09375,16.063148498535156,474.78668212890625
40.418251037597656,0.0,418.34375,16.67765998840332,467.4573974609375
53.27549743652344,0.0,432.59375,17.133920669555664,488.67041015625
70.59693145751953,0.0,466.4375,17.572105407714844,540.600341796875
61.80077362060547,0.0,405.6875,16.304853439331055,456.8774108886719
46.08543395996094,0.0,395.53125,16.417308807373047,453.3021240234375
70.04490661621094,0.0,441.3125,17.036439895629883,511.6658630371094
45.82306671142578,0.0,404.4375,16.621082305908203,468.49920654296875
59.198917388916016,0.0,326.03125,13.74783706665039,373.69708251953125
77.16966247558594,0.0,368.5625,15.646299362182617,435.7380676269531
75.45602416992188,0.0,399.25,17.413673400878906,478.02728271484375
54.00518035888672,0.0,343.34375,14.989835739135742,401.0679931640625
54.862388610839844,0.0,331.375,14.932796478271484,383.0323791503906
55.335811614990234,0.0,344.59375,16.122882843017578,401.558837890625
28.20077133178711,0.0,257.71875,11.672157287597656,291.9363098144531
36.56824493408203,0.0,303.78125,12.92432975769043,346.5482482910156
42.658287048339844,0.0,248.53125,12.126714706420898,288.7115478515625
40.4999885559082,0.0,268.6875,12.317765235900879,306.67596435546875
15.277305603027344,0.0,202.8125,9.161616325378418,223.54196166992188
52.10662078857422,0.0,276.15625,13.578615188598633,322.14697265625
45.98936462402344,0.0,257.21875,13.381592750549316,300.1222229003906
48.649269104003906,0.0,228.1875,10.846634864807129,266.59100341796875
40.555145263671875,0.0,235.9375,12.290610313415527,271.0577392578125
33.397430419921875,0.0,215.625,11.197364807128906,244.470947265625
35.905914306640625,0.0,220.96875,11.624056816101074,254.7161865234375
32.024261474609375,0.0,215.84375,10.51385498046875,241.53338623046875
50.884796142578125,0.0,232.625,12.041910171508789,267.20379638671875
51.767730712890625,0.0,235.34375,12.380192756652832,275.5736389160156
41.39705276489258,0.0,209.40625,12.10609245300293,239.93978881835938
27.575143814086914,0.0,170.625,7.669794082641602,186.68350219726562
28.314851760864258,0.0,175.46875,8.141189575195312,196.1456298828125
45.604461669921875,0.0,223.28125,13.04523754119873,256.9088439941406
16.86978530883789,0.0,157.375,6.603335857391357,169.10226440429688
28.15260124206543,0.0,180.375,9.521177291870117,205.22410583496094
46.319175720214844,0.0,223.375,9.981416702270508,257.4844970703125
28.15981101989746,0.0,203.90625,8.588220596313477,227.24681091308594
23.870708465576172,0.0,186.09375,9.100109100341797,206.2751007080078
54.34503936767578,0.0,272.0625,11.788607597351074,320.40814208984375
61.45635223388672,0.0,259.03125,12.536364555358887,300.9949645996094
30.382526397705078,0.0,209.9375,8.380108833312988,236.67840576171875
46.12534713745117,0.0,280.4375,13.048895835876465,326.3075256347656
59.262977600097656,0.0,298.09375,15.05984115600586,347.2279052734375
43.79441833496094,0.0,253.59375,12.483309745788574,292.6355285644531
61.49302673339844,0.0,262.53125,13.799660682678223,305.5170593261719
57.816131591796875,0.0,272.4375,14.448211669921875,318.6456298828125
37.40736389160156,0.0,196.65625,9.424413681030273,218.94386291503906
38.32231521606445,0.0,262.6875,13.034517288208008,301.6152648925781
29.284793853759766,0.0,187.4375,8.22691822052002,198.97608947753906
33.101139068603516,0.0,221.09375,10.170127868652344,246.2265625
23.03428077697754,0.0,180.15625,9.46093463897705,201.1741180419922
39.541133880615234,0.0,231.5,10.340503692626953,260.8472595214844
10.405014038085938,0.0,172.96875,7.969013690948486,181.8506622314453
40.84891891479492,0.0,184.75,7.487639904022217,199.12948608398438
40.48966979980469,0.0,198.15625,9.85450267791748,224.4751739501953
46.42779541015625,0.0,207.84375,10.98251724243164,232.5723419189453
29.844127655029297,0.0,178.53125,8.024052619934082,191.4912109375
56.534881591796875,0.0,233.21875,12.286164283752441,267.01763916015625
38.52671813964844,0.0,214.1875,9.898332595825195,240.27061462402344
32.13036346435547,0.0,185.6875,8.573368072509766,209.48263549804688
45.54741668701172,0.0,236.5,10.727106094360352,262.6259765625
37.78947830200195,0.0,226.25,10.870758056640625,253.6955108642578
30.846088409423828,0.0,176.75,7.970778942108154,188.76596069335938
29.667613983154297,0.0,245.65625,11.77850341796875,281.0411071777344
36.84061050415039,0.0,208.71875,10.639260292053223,233.44265747070312
43.54817199707031,0.0,228.40625,9.614493370056152,251.61395263671875
47.489013671875,0.0,261.90625,12.785928726196289,291.1933288574219
71.97648620605469,0.0,288.03125,12.469781875610352,324.8827209472656
82.65223693847656,0.0,364.0625,17.017786026000977,424.6607971191406
64.26858520507812,0.0,301.75,13.541942596435547,350.1176452636719
74.1603775024414,0.0,324.5625,14.9970064163208,378.690185546875
64.2392578125,0.0,305.53125,13.202856063842773,346.5029296875
46.182151794433594,0.0,271.3125,14.822931289672852,306.8757629394531
62.949642181396484,0.0,308.65625,13.49195671081543,353.7113037109375
58.16148376464844,0.0,276.9375,12.758761405944824,313.68157958984375
58.76911163330078,0.0,286.625,13.696651458740234,327.9374694824219
56.200050354003906,0.0,318.5,14.83173656463623,366.418212890625
49.76603698730469,0.0,254.71875,12.163108825683594,281.08837890625
86.91768646240234,0.0,363.25,16.396739959716797,431.0160217285156
56.31409454345703,0.0,337.6875,14.058749198913574,389.15234375
78.37083435058594,0.0,373.4375,16.37942123413086,432.6219177246094
62.517967224121094,0.0,326.03125,14.406710624694824,370.4921875
46.45653533935547,0.0,338.84375,13.414387702941895,377.3966064453125
85.38925170898438,0.0,419.5,16.726043701171875,478.9630126953125
50.15275955200195,0.0,368.65625,15.052756309509277,406.6676330566406
45.60759735107422,0.0,400.46875,15.140345573425293,446.8859558105469
51.434207916259766,0.0,370.375,15.020370483398438,405.069091796875
47.45577621459961,0.0,364.3125,13.623838424682617,397.8525085449219
49.72582244873047,0.0,389.375,14.820901870727539,430.61993408203125
52.942508697509766,0.0,456.78125,16.640369415283203,503.6138000488281
19.190073013305664,0.0,410.5625,14.807106971740723,440.3048400878906
40.03730773925781,0.0,455.5,15.862794876098633,485.0638122558594
66.37178802490234,0.0,464.28125,16.483600616455078,496.2248840332031
37.92408752441406,0.0,429.125,15.394866943359375,454.1939697265625
27.336713790893555,0.0,387.84375,14.818138122558594,409.6849365234375
31.305715560913086,0.0,457.78125,15.852187156677246,488.6184997558594
30.0766658782959,0.0,447.8125,15.943296432495117,472.85052490234375
29.635433197021484,0.0,449.875,15.561406135559082,472.90936279296875
33.44386291503906,0.0,458.46875,15.666690826416016,488.7257995605469
43.084266662597656,0.0,415.25,15.559572219848633,442.2112731933594
46.32555389404297,0.0,437.75,15.980201721191406,467.4079895019531
59.803646087646484,0.0,464.09375,16.328901290893555,501.1714782714844
43.283355712890625,0.0,445.96875,15.47581672668457,479.5121765136719
43.96013641357422,0.0,422.65625,15.76805305480957,452.8426513671875
34.1097412109375,0.0,382.34375,14.146910667419434,405.1029357910156
61.75907516479492,0.0,381.71875,14.651054382324219,403.8190612792969
59.176570892333984,0.0,423.1875,15.246957778930664,454.7808837890625
44.29051208496094,0.0,358.90625,14.374826431274414,381.5487060546875
57.62416076660156,0.0,423.53125,15.43967342376709,459.4390869140625
54.65193176269531,0.0,411.8125,14.791539192199707,441.9006652832031
68.08692932128906,0.0,407.59375,15.003971099853516,444.4665222167969
78.06217956542969,0.0,397.53125,15.766509056091309,431.3038635253906
48.846519470214844,0.0,323.0,12.675355911254883,345.8545227050781
63.15513610839844,0.0,370.15625,15.395600318908691,406.36083984375
68.90991973876953,0.0,371.15625,15.388442039489746,411.9539794921875
57.63019561767578,0.0,346.59375,13.668462753295898,376.7776794433594
42.62678527832031,0.0,340.0,14.18821907043457,369.6373291015625
58.6991081237793,0.0,350.5625,15.727479934692383,380.74664306640625
70.1563720703125,0.0,383.59375,14.985748291015625,428.810302734375
53.369667053222656,0.0,378.25,15.471124649047852,411.8795471191406
54.38585662841797,0.0,395.5,15.264522552490234,438.79345703125
59.94255065917969,0.0,347.4375,13.5989351272583,378.1915588378906
54.53264617919922,0.0,392.03125,15.97183895111084,433.1234130859375
41.474365234375,0.0,318.6875,13.30256462097168,346.8214111328125
51.49876403808594,0.0,356.125,14.379203796386719,396.8120422363281
35.278785705566406,0.0,364.34375,14.802675247192383,401.04925537109375
55.396568298339844,0.0,350.15625,14.502659797668457,385.477783203125
45.36358642578125,0.0,323.875,13.732458114624023,356.494873046875
38.98323059082031,0.0,373.0625,14.831972122192383,410.3615417480469
62.990333557128906,0.0,387.53125,15.318798065185547,432.1114196777344
49.019134521484375,0.0,329.4375,14.623468399047852,365.15435791015625
65.23797607421875,0.0,360.75,14.446978569030762,402.73406982421875
65.92878723144531,0.0,358.15625,14.432716369628906,403.2924499511719
51.29425811767578,0.0,368.84375,14.684427261352539,416.9800109863281
36.220611572265625,0.0,334.15625,12.963711738586426,379.74945068359375
60.452999114990234,0.0,311.40625,13.452916145324707,349.33538818359375
52.95598602294922,0.0,315.9375,15.24427604675293,355.7890930175781
68.28101348876953,0.0,357.28125,15.246261596679688,410.7923583984375
57.085018157958984,0.0,309.21875,14.069761276245117,358.43572998046875
51.2310676574707,0.0,271.40625,13.360987663269043,307.7462463378906
59.408084869384766,0.0,300.625,13.427543640136719,342.91229248046875
39.04083251953125,0.0,273.96875,14.120884895324707,310.3216247558594
58.5616340637207,0.0,302.03125,13.076690673828125,346.50299072265625
64.06498718261719,0.0,282.84375,15.005034446716309,329.3345031738281
38.12982177734375,0.0,247.28125,11.89159870147705,274.0042724609375
70.25553894042969,0.0,298.6875,15.180889129638672,350.44342041015625
30.498592376708984,0.0,263.84375,12.583948135375977,299.5283203125
38.0667724609375,0.0,244.46875,11.881291389465332,277.04339599609375
61.1850700378418,0.0,328.5625,15.325596809387207,385.1335754394531
53.660953521728516,0.0,270.96875,13.642412185668945,311.7310485839844
30.498472213745117,0.0,232.6875,11.118987083435059,260.56298828125
66.02194213867188,0.0,317.6875,14.204438209533691,378.0255126953125
45.83911895751953,0.0,249.03125,10.9588623046875,288.89215087890625
45.24432373046875,0.0,250.40625,10.690228462219238,281.80242919921875
41.949745178222656,0.0,312.9375,14.140448570251465,361.9837646484375
68.52201843261719,0.0,347.25,15.411298751831055,403.1885986328125
78.8503646850586,0.0,395.03125,16.77640151977539,464.14068603515625
74.50370788574219,0.0,358.40625,15.698661804199219,419.63128662109375
81.62236785888672,0.0,379.4375,15.935506820678711,436.4787902832031
38.61479949951172,0.0,282.9375,13.112902641296387,317.68231201171875
86.36094665527344,0.0,429.5625,17.509185791015625,506.15692138671875
49.454227447509766,0.0,347.0,14.989116668701172,394.4803466796875
69.6117172241211,0.0,367.5,16.484291076660156,424.9403991699219
48.66288757324219,0.0,361.625,15.330340385437012,410.65252685546875
75.49746704101562,0.0,345.875,15.504776954650879,397.97552490234375
33.58193588256836,0.0,293.4375,13.4015474319458,320.7093200683594
61.69839859008789,0.0,384.28125,15.76302719116211,438.4861145019531
43.990901947021484,0.0,304.75,13.409078598022461,340.5769348144531
64.86896514892578,0.0,322.71875,14.959996223449707,363.7750244140625
70.54328918457031,0.0,317.59375,14.182671546936035,361.7078552246094
69.76239013671875,0.0,400.0,16.143508911132812,459.61236572265625
63.572872161865234,0.0,307.59375,13.587096214294434,349.0062255859375
39.896034240722656,0.0,282.53125,12.303061485290527,315.550048828125
53.489444732666016,0.0,285.25,12.608183860778809,321.9742431640625
55.90507507324219,0.0,309.21875,15.19263744354248,351.6842346191406
40.60030746459961,0.0,226.625,12.446281433105469,248.79937744140625
47.75196075439453,0.0,245.9375,11.24039363861084,271.7537841796875
